{
  "player_grid": {
    "gridSize": 10,
    "tiles": [
      [
        "empty",
        "empty",
        "empty",
        "empty",
        "empty",
        "empty",
        "empty",
        "empty",
        "empty",
        "empty"
      ],
      [
        "empty",
        "empty",
        "empty",
        "empty",
        "empty",
        "empty",
        "empty",
        "empty",
        "empty",
        "empty"
      ],
      [
        "empty",
        "empty",
        "empty",
        "empty",
        "empty",
        "empty",
        "empty",
        "empty",
        "empty",
        "empty"
      ],
      [
        "empty",
        "empty",
        "empty",
        "empty",
        "empty",
        "empty",
        "empty",
        "empty",
        "empty",
        "empty"
      ],
      [
        "empty",
        "empty",
        "empty",
        "empty",
        "empty",
        "empty",
        "empty",
        "empty",
        "empty",
        "empty"
      ],
      [
        "empty",
        "empty",
        "empty",
        "empty",
        "empty",
        "empty",
        "empty",
        "empty",
        "empty",
        "empty"
      ],
      [
        "empty",
        "empty",
        "empty",
        "empty",
        "empty",
        "empty",
        "empty",
        "empty",
        "empty",
        "empty"
      ],
      [
        "empty",
        "empty",
        "empty",
        "empty",
        "empty",
        "empty",
        "empty",
        "empty",
        "empty",
        "empty"
      ],
      [
        "empty",
        "empty",
        "empty",
        "empty",
        "empty",
        "empty",
        "empty",
        "empty",
        "empty",
        "empty"
      ],
      [
        "empty",
        "empty",
        "empty",
        "empty",
        "empty",
        "empty",
        "empty",
        "empty",
        "empty",
        "empty"
      ]
    ]
  },
  "all_ships": [
    {
      "id": "1",
      "size": 2,
      "color": "purple",
      "rotation": 0,
      "name": "ship1"
    },
    {
      "id": "2",
      "size": 2,
      "color": "orange",
      "rotation": 0,
      "name": "ship2"
    },
    {
      "id": "3",
      "size": 3,
      "color": "green",
      "rotation": 0,
      "name": "ship3"
    },
    {
      "id": "4",
      "size": 3,
      "color": "blue",
      "rotation": 0,
      "name": "ship4"
    },
    {
      "id": "5",
      "size": 4,
      "color": "grey",
      "rotation": 0,
      "name": "ship5"
    }
  ],
  "available_ships": [],
  "placed_ships": [
    {
      "id": "1",
      "size": 2,
      "color": "purple",
      "rotation": 0,
      "name": "ship1",
      "row": 2,
      "col": 6
    },
    {
      "id": "2",
      "size": 2,
      "color": "orange",
      "rotation": 0,
      "name": "ship2",
      "row": 3,
      "col": 4
    },
    {
      "id": "3",
      "size": 3,
      "color": "green",
      "rotation": 0,
      "name": "ship3",
      "row": 4,
      "col": 2
    },
    {
      "id": "4",
      "size": 3,
      "color": "blue",
      "rotation": 0,
      "name": "ship4",
      "row": 2,
      "col": 2
    },
    {
      "id": "5",
      "size": 4,
      "color": "grey",
      "rotation": 0,
      "name": "ship5",
      "row": 2,
      "col": 2
    }
  ],
  "active_ship": null
}